[
  {
    "id": "1",
    "price": 121,
    "name": "item name",
    "images": [],
    "productOwner": "Addidas",
    "quantity": 12,
    "description": "Some description",
    "properties": {
      "Цвет": "желтый, зеленый",
      "Вес": "100кг"
    }
  },
  {
    "id": "2",
    "price": 121,
    "name": "item name 2",
    "images": [],
    "productOwner": "Addidas",
    "quantity": 12,
    "description": "Some description 2",
    "properties": {
      "Цвет": "желтый, зеленый",
      "Вес": "100кг"
    }
  }
]